object,size,image_name,method,precision,recall,f1_score,computation_time
Nails_23,28,Image_0_30,otm,0.554,0.302,0.391,141.242
Nails_23,28,Image_0_30,gmms,0.478,0.26,0.337,80.107
Nails_23,28,Image_0_30,hdbscan,0.771,0.094,0.167,43.561
Nails_23,28,Image_1,otm,0.517,0.655,0.578,166.04
Nails_23,28,Image_1,gmms,0.512,0.648,0.572,128.548
Nails_23,28,Image_1,hdbscan,0.5,0.042,0.078,73.641
Nails_23,28,Image_10,otm,0.689,0.764,0.725,176.828
Nails_23,28,Image_10,gmms,0.694,0.77,0.73,169.423
Nails_23,28,Image_10,hdbscan,0.625,0.057,0.105,85.481
Nails_23,28,Image_2,otm,0.778,0.559,0.651,229.691
Nails_23,28,Image_2,gmms,0.812,0.583,0.679,150.181
Nails_23,28,Image_2,hdbscan,0.591,0.045,0.084,80.941
Nails_23,28,Image_3,otm,0.832,0.516,0.637,98.377
Nails_23,28,Image_3,gmms,0.832,0.516,0.637,79.927
Nails_23,28,Image_3,hdbscan,1.0,0.044,0.084,44.581
Nails_23,28,Image_4,otm,0.476,0.672,0.557,278.333
Nails_23,28,Image_4,gmms,0.541,0.764,0.633,252.919
Nails_23,28,Image_4,hdbscan,0.538,0.04,0.075,143.491
Nails_23,28,Image_5,otm,0.341,0.333,0.337,187.549
Nails_23,28,Image_5,gmms,0.281,0.275,0.278,183.52
Nails_23,28,Image_5,hdbscan,0.286,0.023,0.043,117.297
Nails_23,28,Image_6,otm,0.76,0.731,0.745,189.11
Nails_23,28,Image_6,gmms,0.754,0.725,0.739,176.822
Nails_23,28,Image_6,hdbscan,0.933,0.077,0.142,113.012
Nails_23,28,Image_7,otm,0.582,0.667,0.621,209.264
Nails_23,28,Image_7,gmms,0.546,0.626,0.583,207.92
Nails_23,28,Image_7,hdbscan,0.25,0.006,0.011,114.237
Nails_23,28,Image_8,otm,0.896,0.613,0.728,99.894
Nails_23,28,Image_8,gmms,0.852,0.583,0.693,80.905
Nails_23,28,Image_8,hdbscan,0.889,0.143,0.246,49.926
Nails_23,28,Image_9,otm,0.613,0.691,0.65,235.407
Nails_23,28,Image_9,gmms,0.667,0.752,0.707,222.024
Nails_23,28,Image_9,hdbscan,0.2,0.006,0.012,153.572
Nails_23,384,Image_0_30,otm,1.0,0.238,0.385,3.575
Nails_23,384,Image_0_30,gmms,1.0,0.238,0.385,6.802
Nails_23,384,Image_0_30,hdbscan,1.0,0.143,0.25,13.697
Nails_23,384,Image_1,otm,0.75,0.273,0.4,4.402
Nails_23,384,Image_1,gmms,0.75,0.273,0.4,15.345
Nails_23,384,Image_1,hdbscan,0.75,0.136,0.231,20.29
Nails_23,384,Image_10,otm,0.889,0.32,0.471,5.177
Nails_23,384,Image_10,gmms,0.778,0.28,0.412,10.474
Nails_23,384,Image_10,hdbscan,0.857,0.24,0.375,12.83
Nails_23,384,Image_2,otm,0.714,0.476,0.571,6.931
Nails_23,384,Image_2,gmms,0.714,0.476,0.571,18.136
Nails_23,384,Image_2,hdbscan,0.8,0.381,0.516,21.32
Nails_23,384,Image_3,otm,0.917,0.524,0.667,6.681
Nails_23,384,Image_3,gmms,0.667,0.381,0.485,16.523
Nails_23,384,Image_3,hdbscan,0.833,0.476,0.606,18.86
Nails_23,384,Image_4,otm,0.786,0.5,0.611,6.044
Nails_23,384,Image_4,gmms,0.786,0.5,0.611,20.435
Nails_23,384,Image_4,hdbscan,0.857,0.273,0.414,24.481
Nails_23,384,Image_5,otm,0.476,0.87,0.615,24.326
Nails_23,384,Image_5,gmms,0.5,0.913,0.646,58.399
Nails_23,384,Image_5,hdbscan,0.833,0.217,0.345,53.412
Nails_23,384,Image_6,otm,0.682,0.652,0.667,10.799
Nails_23,384,Image_6,gmms,0.591,0.565,0.578,21.632
Nails_23,384,Image_6,hdbscan,0.636,0.304,0.412,22.109
Nails_23,384,Image_7,otm,0.429,0.286,0.343,8.024
Nails_23,384,Image_7,gmms,0.571,0.381,0.457,20.365
Nails_23,384,Image_7,hdbscan,0.778,0.333,0.467,21.242
Nails_23,384,Image_8,otm,0.75,0.545,0.632,6.427
Nails_23,384,Image_8,gmms,0.688,0.5,0.579,11.874
Nails_23,384,Image_8,hdbscan,0.667,0.182,0.286,13.979
Nails_23,384,Image_9,otm,0.846,0.478,0.611,4.61
Nails_23,384,Image_9,gmms,0.846,0.478,0.611,16.994
Nails_23,384,Image_9,hdbscan,0.75,0.391,0.514,21.34
Nails_23,45,Image_0_30,otm,0.327,0.265,0.293,43.69
Nails_23,45,Image_0_30,gmms,0.4,0.324,0.358,77.858
Nails_23,45,Image_0_30,hdbscan,0.375,0.044,0.079,68.062
Nails_23,45,Image_1,otm,0.436,0.387,0.41,32.614
Nails_23,45,Image_1,gmms,0.6,0.532,0.564,57.159
Nails_23,45,Image_1,hdbscan,0.429,0.048,0.087,50.82
Nails_23,45,Image_10,otm,0.566,0.573,0.57,74.827
Nails_23,45,Image_10,gmms,0.518,0.524,0.521,72.653
Nails_23,45,Image_10,hdbscan,0.625,0.122,0.204,51.884
Nails_23,45,Image_2,otm,0.826,0.559,0.667,30.38
Nails_23,45,Image_2,gmms,0.826,0.559,0.667,80.427
Nails_23,45,Image_2,hdbscan,0.857,0.088,0.16,75.946
Nails_23,45,Image_3,otm,0.63,0.414,0.5,25.395
Nails_23,45,Image_3,gmms,0.565,0.371,0.448,43.01
Nails_23,45,Image_3,hdbscan,0.692,0.129,0.217,32.738
Nails_23,45,Image_4,otm,0.642,0.597,0.619,39.76
Nails_23,45,Image_4,gmms,0.627,0.583,0.604,82.291
Nails_23,45,Image_4,hdbscan,0.692,0.125,0.212,61.262
Nails_23,45,Image_5,otm,0.474,0.625,0.539,106.907
Nails_23,45,Image_5,gmms,0.442,0.583,0.503,108.25
Nails_23,45,Image_5,hdbscan,0.333,0.056,0.095,82.055
Nails_23,45,Image_6,otm,0.855,0.635,0.729,33.948
Nails_23,45,Image_6,gmms,0.964,0.716,0.822,66.809
Nails_23,45,Image_6,hdbscan,1.0,0.122,0.217,54.943
Nails_23,45,Image_7,otm,0.623,0.632,0.628,47.23
Nails_23,45,Image_7,gmms,0.565,0.574,0.569,74.005
Nails_23,45,Image_7,hdbscan,0.625,0.147,0.238,55.009
Nails_23,45,Image_8,otm,0.688,0.647,0.667,27.009
Nails_23,45,Image_8,gmms,0.766,0.721,0.742,55.431
Nails_23,45,Image_8,hdbscan,0.875,0.206,0.333,46.561
Nails_23,45,Image_9,otm,0.594,0.811,0.686,95.486
Nails_23,45,Image_9,gmms,0.644,0.878,0.743,96.668
Nails_23,45,Image_9,hdbscan,0.833,0.068,0.125,77.342
Nails_23,68,Image_0_30,otm,0.68,0.333,0.447,16.064
Nails_23,68,Image_0_30,gmms,0.64,0.314,0.421,26.028
Nails_23,68,Image_0_30,hdbscan,0.636,0.137,0.226,28.405
Nails_23,68,Image_1,otm,0.778,0.538,0.636,16.552
Nails_23,68,Image_1,gmms,0.778,0.538,0.636,44.581
Nails_23,68,Image_1,hdbscan,0.8,0.077,0.14,39.581
Nails_23,68,Image_10,otm,0.825,0.635,0.717,18.205
Nails_23,68,Image_10,gmms,0.875,0.673,0.761,30.43
Nails_23,68,Image_10,hdbscan,0.833,0.192,0.312,25.565
Nails_23,68,Image_2,otm,0.96,0.471,0.632,14.016
Nails_23,68,Image_2,gmms,0.96,0.471,0.632,26.641
Nails_23,68,Image_2,hdbscan,1.0,0.137,0.241,28.0
Nails_23,68,Image_3,otm,0.615,0.314,0.416,12.11
Nails_23,68,Image_3,gmms,0.654,0.333,0.442,22.201
Nails_23,68,Image_3,hdbscan,0.889,0.314,0.464,19.931
Nails_23,68,Image_4,otm,0.75,0.529,0.621,14.762
Nails_23,68,Image_4,gmms,0.806,0.569,0.667,39.99
Nails_23,68,Image_4,hdbscan,0.875,0.137,0.237,34.815
Nails_23,68,Image_5,otm,0.458,0.458,0.458,29.389
Nails_23,68,Image_5,gmms,0.479,0.479,0.479,38.696
Nails_23,68,Image_5,hdbscan,0.615,0.167,0.262,30.024
Nails_23,68,Image_6,otm,0.735,0.543,0.625,14.249
Nails_23,68,Image_6,gmms,0.882,0.652,0.75,30.01
Nails_23,68,Image_6,hdbscan,1.0,0.174,0.296,26.652
Nails_23,68,Image_7,otm,0.719,0.5,0.59,11.814
Nails_23,68,Image_7,gmms,0.781,0.543,0.641,28.41
Nails_23,68,Image_7,hdbscan,0.714,0.109,0.189,25.491
Nails_23,68,Image_8,otm,0.833,0.543,0.658,8.429
Nails_23,68,Image_8,gmms,0.9,0.587,0.711,26.899
Nails_23,68,Image_8,hdbscan,0.867,0.283,0.426,26.74
Nails_23,68,Image_9,otm,0.58,0.592,0.586,31.402
Nails_23,68,Image_9,gmms,0.56,0.571,0.566,48.673
Nails_23,68,Image_9,hdbscan,0.6,0.122,0.203,41.881
Nails_32,28,Image_0_30,otm,0.636,0.521,0.573,284.708
Nails_32,28,Image_0_30,gmms,0.631,0.517,0.569,238.885
Nails_32,28,Image_0_30,hdbscan,0.75,0.021,0.041,134.115
Nails_32,28,Image_1,otm,0.358,0.933,0.518,469.791
Nails_32,28,Image_1,gmms,0.374,0.976,0.541,279.01
Nails_32,28,Image_1,hdbscan,0.333,0.018,0.034,148.161
Nails_32,28,Image_10,otm,0.67,0.828,0.74,325.578
Nails_32,28,Image_10,gmms,0.647,0.799,0.715,363.662
Nails_32,28,Image_10,hdbscan,0.333,0.006,0.011,277.065
Nails_32,28,Image_2,otm,0.879,0.628,0.733,266.394
Nails_32,28,Image_2,gmms,0.854,0.611,0.713,225.488
Nails_32,28,Image_2,hdbscan,0.167,0.003,0.007,112.505
Nails_32,28,Image_3,otm,0.896,0.659,0.759,163.646
Nails_32,28,Image_3,gmms,0.903,0.665,0.766,153.746
Nails_32,28,Image_3,hdbscan,1.0,0.011,0.022,123.521
Nails_32,384,Image_0_30,otm,0.75,0.429,0.545,7.37
Nails_32,384,Image_0_30,gmms,0.917,0.524,0.667,11.223
Nails_32,384,Image_0_30,hdbscan,1.0,0.333,0.5,16.074
Nails_32,384,Image_1,otm,0.244,1.0,0.393,97.977
Nails_32,384,Image_1,gmms,0.244,1.0,0.393,82.83
Nails_32,384,Image_1,hdbscan,1.0,0.045,0.087,77.406
Nails_32,384,Image_10,otm,0.867,0.52,0.65,11.106
Nails_32,384,Image_10,gmms,0.933,0.56,0.7,22.448
Nails_32,384,Image_10,hdbscan,0.857,0.24,0.375,24.366
Nails_32,384,Image_2,otm,0.706,0.571,0.632,9.23
Nails_32,384,Image_2,gmms,0.706,0.571,0.632,28.057
Nails_32,384,Image_2,hdbscan,1.0,0.238,0.385,31.158
Nails_32,384,Image_3,otm,0.778,0.667,0.718,9.228
Nails_32,384,Image_3,gmms,0.833,0.714,0.769,29.818
Nails_32,384,Image_3,hdbscan,0.875,0.333,0.483,34.707
Nails_32,384,Image_4,otm,0.667,0.545,0.6,11.512
Nails_32,384,Image_4,gmms,0.944,0.773,0.85,27.176
Nails_32,384,Image_4,hdbscan,0.75,0.273,0.4,30.177
Nails_32,384,Image_5,otm,0.581,0.783,0.667,27.245
Nails_32,384,Image_5,gmms,0.516,0.696,0.593,59.356
Nails_32,384,Image_5,hdbscan,0.6,0.13,0.214,61.446
Nails_32,384,Image_6,otm,0.444,0.348,0.39,10.887
Nails_32,384,Image_6,gmms,0.444,0.348,0.39,23.776
Nails_32,384,Image_6,hdbscan,0.583,0.304,0.4,24.923
Nails_32,384,Image_7,otm,0.472,0.81,0.596,24.316
Nails_32,384,Image_7,gmms,0.417,0.714,0.526,81.386
Nails_32,384,Image_7,hdbscan,0.6,0.143,0.231,80.871
Nails_32,384,Image_8,otm,0.786,0.5,0.611,8.641
Nails_32,384,Image_8,gmms,0.786,0.5,0.611,18.831
Nails_32,384,Image_8,hdbscan,0.714,0.227,0.345,22.188
Nails_32,384,Image_9,otm,0.435,0.435,0.435,15.968
Nails_32,384,Image_9,gmms,0.478,0.478,0.478,26.351
Nails_32,384,Image_9,hdbscan,0.667,0.348,0.457,26.41
Nails_32,45,Image_0_30,otm,0.517,0.441,0.476,51.904
Nails_32,45,Image_0_30,gmms,0.621,0.529,0.571,45.024
Nails_32,45,Image_0_30,hdbscan,0.833,0.074,0.135,36.305
Nails_32,45,Image_1,otm,0.371,0.903,0.526,133.02
Nails_32,45,Image_1,gmms,0.397,0.968,0.563,107.521
Nails_32,45,Image_1,hdbscan,0.6,0.048,0.09,78.807
Nails_32,45,Image_10,otm,0.5,0.829,0.624,167.579
Nails_32,45,Image_10,gmms,0.471,0.78,0.587,217.136
Nails_32,45,Image_10,hdbscan,0.333,0.024,0.045,183.749
Nails_32,45,Image_2,otm,0.588,0.735,0.654,117.489
Nails_32,45,Image_2,gmms,0.647,0.809,0.719,224.081
Nails_32,45,Image_2,hdbscan,0.571,0.059,0.107,201.088
Nails_32,45,Image_3,otm,0.881,0.743,0.806,68.483
Nails_32,45,Image_3,gmms,0.915,0.771,0.837,121.39
Nails_32,45,Image_3,hdbscan,0.75,0.043,0.081,115.631
Nails_32,45,Image_4,otm,0.504,0.889,0.643,185.007
Nails_32,45,Image_4,gmms,0.472,0.833,0.603,188.406
Nails_32,45,Image_4,hdbscan,1.0,0.042,0.08,153.326
Nails_32,45,Image_5,otm,0.563,0.806,0.663,116.568
Nails_32,45,Image_5,gmms,0.466,0.667,0.549,205.601
Nails_32,45,Image_5,hdbscan,0.25,0.014,0.026,148.431
Nails_32,45,Image_6,otm,0.524,0.73,0.61,112.761
Nails_32,45,Image_6,gmms,0.524,0.73,0.61,174.981
Nails_32,45,Image_6,hdbscan,0.25,0.014,0.026,148.757
Nails_32,45,Image_7,otm,0.557,0.794,0.655,106.665
Nails_32,45,Image_7,gmms,0.557,0.794,0.655,108.288
Nails_32,45,Image_7,hdbscan,0.556,0.074,0.13,90.063
Nails_32,45,Image_8,otm,0.478,0.809,0.601,140.216
Nails_32,45,Image_8,gmms,0.47,0.794,0.59,116.957
Nails_32,45,Image_8,hdbscan,0.5,0.074,0.128,94.584
Nails_32,68,Image_0_30,otm,0.852,0.451,0.59,19.824
Nails_32,68,Image_0_30,gmms,0.852,0.451,0.59,26.451
Nails_32,68,Image_0_30,hdbscan,0.929,0.255,0.4,29.056
Nails_32,68,Image_1,otm,0.447,0.981,0.614,121.359
Nails_32,68,Image_1,gmms,0.456,1.0,0.627,101.195
Nails_32,68,Image_1,hdbscan,1.0,0.096,0.175,88.231
Nuts,28,Image_0_50,otm,0.963,0.929,0.946,22.169
Nuts,28,Image_0_50,gmms,0.976,0.941,0.958,16.603
Nuts,28,Image_0_50,hdbscan,1.0,0.224,0.365,19.084
Nuts,28,Image_1,otm,0.941,0.909,0.925,8.993
Nuts,28,Image_1,gmms,0.976,0.943,0.96,17.793
Nuts,28,Image_1,hdbscan,1.0,0.307,0.47,15.596
Nuts,28,Image_10,otm,1.0,0.953,0.976,20.393
Nuts,28,Image_10,gmms,1.0,0.953,0.976,15.94
Nuts,28,Image_10,hdbscan,1.0,0.259,0.411,15.096
Nuts,28,Image_2,otm,1.0,0.966,0.983,13.88
Nuts,28,Image_2,gmms,0.988,0.955,0.971,18.197
Nuts,28,Image_2,hdbscan,1.0,0.18,0.305,17.148
Nuts,28,Image_3,otm,0.897,0.867,0.881,24.24
Nuts,28,Image_3,gmms,0.977,0.944,0.96,19.188
Nuts,28,Image_3,hdbscan,1.0,0.356,0.525,15.975
Nuts,28,Image_4,otm,0.92,0.899,0.909,23.583
Nuts,28,Image_4,gmms,0.977,0.955,0.966,15.581
Nuts,28,Image_4,hdbscan,1.0,0.404,0.576,14.996
Nuts,28,Image_5,otm,0.987,0.929,0.957,13.458
Nuts,28,Image_5,gmms,0.975,0.917,0.945,15.626
Nuts,28,Image_5,hdbscan,1.0,0.548,0.708,15.541
Nuts,28,Image_6,otm,0.963,0.929,0.946,21.661
Nuts,28,Image_6,gmms,0.976,0.941,0.958,16.982
Nuts,28,Image_6,hdbscan,1.0,0.329,0.496,16.452
Nuts,28,Image_7,otm,0.94,0.908,0.924,17.017
Nuts,28,Image_7,gmms,0.976,0.943,0.959,15.003
Nuts,28,Image_7,hdbscan,1.0,0.23,0.374,14.391
Nuts,28,Image_8,otm,0.91,0.871,0.89,25.637
Nuts,28,Image_8,gmms,0.978,0.935,0.956,18.035
Nuts,28,Image_8,hdbscan,1.0,0.301,0.463,16.413
Nuts,28,Image_9,otm,0.988,0.944,0.966,23.712
Nuts,28,Image_9,gmms,1.0,0.956,0.977,16.113
Nuts,28,Image_9,hdbscan,1.0,0.167,0.286,15.609
Nuts,384,Image_0_50,otm,1.0,0.917,0.957,3.444
Nuts,384,Image_0_50,gmms,1.0,0.917,0.957,9.393
Nuts,384,Image_0_50,hdbscan,1.0,0.583,0.737,21.782
Nuts,384,Image_1,otm,1.0,0.857,0.923,5.122
Nuts,384,Image_1,gmms,1.0,0.857,0.923,10.18
Nuts,384,Image_1,hdbscan,1.0,0.786,0.88,20.144
Nuts,384,Image_10,otm,1.0,0.8,0.889,3.143
Nuts,384,Image_10,gmms,1.0,0.8,0.889,6.766
Nuts,384,Image_10,hdbscan,1.0,0.7,0.824,13.996
Nuts,384,Image_2,otm,1.0,0.625,0.769,2.794
Nuts,384,Image_2,gmms,1.0,0.625,0.769,5.912
Nuts,384,Image_2,hdbscan,1.0,0.625,0.769,17.016
Nuts,384,Image_3,otm,1.0,0.867,0.929,5.449
Nuts,384,Image_3,gmms,1.0,0.867,0.929,10.339
Nuts,384,Image_3,hdbscan,1.0,0.6,0.75,21.448
Nuts,384,Image_4,otm,1.0,0.818,0.9,3.938
Nuts,384,Image_4,gmms,1.0,0.818,0.9,10.335
Nuts,384,Image_4,hdbscan,1.0,0.727,0.842,28.385
Nuts,384,Image_5,otm,1.0,0.846,0.917,3.25
Nuts,384,Image_5,gmms,1.0,0.846,0.917,12.142
Nuts,384,Image_5,hdbscan,1.0,0.538,0.7,32.881
Nuts,384,Image_6,otm,1.0,0.75,0.857,3.081
Nuts,384,Image_6,gmms,1.0,0.75,0.857,7.541
Nuts,384,Image_6,hdbscan,1.0,0.5,0.667,16.437
Nuts,384,Image_7,otm,1.0,0.571,0.727,2.858
Nuts,384,Image_7,gmms,1.0,0.571,0.727,4.332
Nuts,384,Image_7,hdbscan,1.0,0.714,0.833,7.39
Nuts,384,Image_8,otm,1.0,0.75,0.857,4.317
Nuts,384,Image_8,gmms,1.0,0.75,0.857,10.018
Nuts,384,Image_8,hdbscan,1.0,0.75,0.857,21.79
Nuts,384,Image_9,otm,1.0,0.429,0.6,2.85
Nuts,384,Image_9,gmms,1.0,0.429,0.6,3.914
Nuts,384,Image_9,hdbscan,1.0,0.286,0.444,7.161
Nuts,45,Image_0_50,otm,0.976,0.891,0.932,11.818
Nuts,45,Image_0_50,gmms,1.0,0.913,0.955,18.136
Nuts,45,Image_0_50,hdbscan,1.0,0.587,0.74,25.375
Nuts,45,Image_1,otm,1.0,0.927,0.962,9.745
Nuts,45,Image_1,gmms,1.0,0.927,0.962,16.612
Nuts,45,Image_1,hdbscan,1.0,0.195,0.327,20.879
Nuts,45,Image_10,otm,1.0,0.921,0.959,7.792
Nuts,45,Image_10,gmms,1.0,0.921,0.959,13.819
Nuts,45,Image_10,hdbscan,1.0,0.289,0.449,18.828
Nuts,45,Image_2,otm,1.0,0.927,0.962,6.271
Nuts,45,Image_2,gmms,1.0,0.927,0.962,13.283
Nuts,45,Image_2,hdbscan,1.0,0.39,0.561,16.848
Nuts,45,Image_3,otm,1.0,0.889,0.941,5.194
Nuts,45,Image_3,gmms,1.0,0.889,0.941,12.037
Nuts,45,Image_3,hdbscan,1.0,0.528,0.691,16.193
Nuts,45,Image_4,otm,0.938,0.909,0.923,4.822
Nuts,45,Image_4,gmms,1.0,0.97,0.985,11.395
Nuts,45,Image_4,hdbscan,1.0,0.636,0.778,15.728
Nuts,45,Image_5,otm,1.0,0.941,0.97,5.978
Nuts,45,Image_5,gmms,1.0,0.941,0.97,11.187
Nuts,45,Image_5,hdbscan,1.0,0.647,0.786,15.33
Nuts,45,Image_6,otm,1.0,0.944,0.971,4.418
Nuts,45,Image_6,gmms,1.0,0.944,0.971,12.557
Nuts,45,Image_6,hdbscan,1.0,0.611,0.759,17.019
Nuts,45,Image_7,otm,1.0,0.821,0.902,4.81
Nuts,45,Image_7,gmms,1.0,0.821,0.902,7.384
Nuts,45,Image_7,hdbscan,1.0,0.357,0.526,9.554
Nuts,45,Image_8,otm,1.0,0.967,0.983,9.514
Nuts,45,Image_8,gmms,1.0,0.967,0.983,10.579
Nuts,45,Image_8,hdbscan,1.0,0.5,0.667,14.373
Nuts,45,Image_9,otm,1.0,0.842,0.914,6.756
Nuts,45,Image_9,gmms,1.0,0.842,0.914,12.297
Nuts,45,Image_9,hdbscan,1.0,0.184,0.311,17.448
Nuts,68,Image_0_50,otm,1.0,0.842,0.914,6.061
Nuts,68,Image_0_50,gmms,1.0,0.842,0.914,17.578
Nuts,68,Image_0_50,hdbscan,1.0,0.711,0.831,28.225
Nuts,68,Image_1,otm,1.0,0.897,0.945,5.374
Nuts,68,Image_1,gmms,1.0,0.897,0.945,13.239
Nuts,68,Image_1,hdbscan,1.0,0.207,0.343,20.486
Nuts,68,Image_10,otm,1.0,0.867,0.929,6.313
Nuts,68,Image_10,gmms,1.0,0.867,0.929,12.776
Nuts,68,Image_10,hdbscan,1.0,0.533,0.696,19.347
Nuts,68,Image_2,otm,1.0,0.867,0.929,6.204
Nuts,68,Image_2,gmms,1.0,0.867,0.929,13.42
Nuts,68,Image_2,hdbscan,1.0,0.367,0.537,21.169
Nuts,68,Image_3,otm,1.0,0.885,0.939,5.559
Nuts,68,Image_3,gmms,1.0,0.885,0.939,11.908
Nuts,68,Image_3,hdbscan,1.0,0.5,0.667,19.1
Nuts,68,Image_4,otm,1.0,0.885,0.939,5.2
Nuts,68,Image_4,gmms,1.0,0.885,0.939,11.656
Nuts,68,Image_4,hdbscan,1.0,0.654,0.791,19.26
Nuts,68,Image_5,otm,0.931,0.871,0.9,6.607
Nuts,68,Image_5,gmms,1.0,0.935,0.967,12.171
Nuts,68,Image_5,hdbscan,1.0,0.581,0.735,17.958
Nuts,68,Image_6,otm,1.0,0.828,0.906,7.444
Nuts,68,Image_6,gmms,1.0,0.828,0.906,12.161
Nuts,68,Image_6,hdbscan,1.0,0.655,0.792,18.389
Nuts,68,Image_7,otm,1.0,0.938,0.968,3.644
Nuts,68,Image_7,gmms,1.0,0.938,0.968,6.861
Nuts,68,Image_7,hdbscan,1.0,0.625,0.769,11.699
Nuts,68,Image_8,otm,1.0,0.92,0.958,8.402
Nuts,68,Image_8,gmms,1.0,0.92,0.958,11.601
Nuts,68,Image_8,hdbscan,1.0,0.6,0.75,19.873
Nuts,68,Image_9,otm,1.0,0.909,0.952,5.846
Nuts,68,Image_9,gmms,0.95,0.864,0.905,9.798
Nuts,68,Image_9,hdbscan,1.0,0.455,0.625,15.64
Pins2,28,Image_0,otm,0.957,0.94,0.949,79.612
Pins2,28,Image_0,gmms,0.97,0.952,0.961,31.836
Pins2,28,Image_0,hdbscan,1.0,0.168,0.287,27.95
Pins2,28,Image_1,otm,0.987,0.937,0.961,83.605
Pins2,28,Image_1,gmms,0.974,0.925,0.948,33.393
Pins2,28,Image_1,hdbscan,1.0,0.176,0.299,26.515
Pins2,28,Image_10,otm,0.987,0.934,0.96,96.789
Pins2,28,Image_10,gmms,0.994,0.94,0.966,43.992
Pins2,28,Image_10,hdbscan,1.0,0.09,0.165,31.276
Pins2,28,Image_2,otm,0.974,0.948,0.961,83.229
Pins2,28,Image_2,gmms,0.96,0.935,0.948,34.642
Pins2,28,Image_2,hdbscan,1.0,0.245,0.394,27.805
Pins2,28,Image_3,otm,0.98,0.937,0.958,75.267
Pins2,28,Image_3,gmms,0.98,0.937,0.958,32.073
Pins2,28,Image_3,hdbscan,1.0,0.195,0.326,24.035
Pins2,28,Image_4,otm,0.986,0.947,0.966,69.49
Pins2,28,Image_4,gmms,0.959,0.921,0.94,29.86
Pins2,28,Image_4,hdbscan,1.0,0.105,0.19,22.64
Pins2,28,Image_5,otm,0.981,0.95,0.965,94.614
Pins2,28,Image_5,gmms,0.981,0.95,0.965,38.626
Pins2,28,Image_5,hdbscan,1.0,0.131,0.232,29.488
Pins2,28,Image_6,otm,0.987,0.975,0.981,91.533
Pins2,28,Image_6,gmms,0.968,0.956,0.962,36.994
Pins2,28,Image_6,hdbscan,1.0,0.127,0.225,30.558
Pins2,28,Image_7,otm,0.962,0.926,0.943,91.43
Pins2,28,Image_7,gmms,1.0,0.963,0.981,42.635
Pins2,28,Image_7,hdbscan,1.0,0.093,0.169,30.224
Pins2,28,Image_8,otm,0.987,0.932,0.958,85.374
Pins2,28,Image_8,gmms,0.987,0.932,0.958,36.562
Pins2,28,Image_8,hdbscan,1.0,0.019,0.037,27.594
Pins2,28,Image_9,otm,0.98,0.931,0.955,82.993
Pins2,28,Image_9,gmms,0.987,0.937,0.961,39.699
Pins2,28,Image_9,hdbscan,0.909,0.063,0.118,25.986
Pins2,384,Image_0,otm,1.0,0.75,0.857,4.058
Pins2,384,Image_0,gmms,1.0,0.75,0.857,10.831
Pins2,384,Image_0,hdbscan,1.0,0.312,0.476,24.256
Pins2,384,Image_1,otm,1.0,0.667,0.8,3.112
Pins2,384,Image_1,gmms,1.0,0.667,0.8,6.899
Pins2,384,Image_1,hdbscan,1.0,0.444,0.615,18.939
Pins2,384,Image_10,otm,1.0,0.727,0.842,2.988
Pins2,384,Image_10,gmms,1.0,0.727,0.842,6.788
Pins2,384,Image_10,hdbscan,1.0,0.455,0.625,14.355
Pins2,384,Image_2,otm,1.0,0.917,0.957,3.389
Pins2,384,Image_2,gmms,1.0,0.917,0.957,12.063
Pins2,384,Image_2,hdbscan,1.0,0.417,0.588,27.507
Pins2,384,Image_3,otm,1.0,0.889,0.941,2.889
Pins2,384,Image_3,gmms,1.0,0.889,0.941,9.221
Pins2,384,Image_3,hdbscan,1.0,0.556,0.714,24.672
Pins2,384,Image_4,otm,1.0,0.5,0.667,2.4
Pins2,384,Image_4,gmms,1.0,0.5,0.667,3.086
Pins2,384,Image_4,hdbscan,1.0,1.0,1.0,6.047
Pins2,384,Image_5,otm,1.0,0.857,0.923,2.812
Pins2,384,Image_5,gmms,1.0,0.857,0.923,6.685
Pins2,384,Image_5,hdbscan,1.0,0.857,0.923,19.482
Pins2,384,Image_6,otm,1.0,0.8,0.889,3.506
Pins2,384,Image_6,gmms,1.0,0.8,0.889,8.746
Pins2,384,Image_6,hdbscan,1.0,0.7,0.824,24.855
Pins2,384,Image_7,otm,1.0,0.875,0.933,3.52
Pins2,384,Image_7,gmms,1.0,0.875,0.933,8.479
Pins2,384,Image_7,hdbscan,1.0,0.875,0.933,23.51
Pins2,45,Image_0,otm,1.0,0.898,0.946,13.874
Pins2,45,Image_0,gmms,0.981,0.881,0.929,20.753
Pins2,45,Image_0,hdbscan,1.0,0.322,0.487,25.421
Pins2,45,Image_1,otm,1.0,0.944,0.971,19.358
Pins2,45,Image_1,gmms,1.0,0.944,0.971,29.651
Pins2,45,Image_1,hdbscan,1.0,0.282,0.44,31.401
Pins2,45,Image_10,otm,1.0,0.889,0.941,14.345
Pins2,45,Image_10,gmms,1.0,0.889,0.941,17.234
Pins2,45,Image_10,hdbscan,1.0,0.222,0.364,20.327
Pins2,45,Image_2,otm,0.957,0.917,0.936,27.143
Pins2,45,Image_2,gmms,0.957,0.917,0.936,30.158
Pins2,45,Image_2,hdbscan,1.0,0.361,0.531,32.234
Pins2,45,Image_3,otm,1.0,0.959,0.979,23.944
Pins2,45,Image_3,gmms,1.0,0.959,0.979,26.282
Pins2,45,Image_3,hdbscan,1.0,0.507,0.673,26.657
Pins2,45,Image_4,otm,1.0,0.899,0.947,27.311
Pins2,45,Image_4,gmms,1.0,0.899,0.947,25.376
Pins2,45,Image_4,hdbscan,1.0,0.13,0.231,27.96
Pins2,45,Image_5,otm,1.0,0.944,0.971,18.357
Pins2,45,Image_5,gmms,0.971,0.917,0.943,29.406
Pins2,45,Image_5,hdbscan,1.0,0.333,0.5,31.508
Pins2,45,Image_6,otm,1.0,0.938,0.968,16.058
Pins2,45,Image_6,gmms,1.0,0.938,0.968,25.434
Pins2,45,Image_6,hdbscan,1.0,0.277,0.434,28.291
Pins2,45,Image_7,otm,1.0,0.937,0.967,21.303
Pins2,45,Image_7,gmms,1.0,0.937,0.967,22.189
Pins2,45,Image_7,hdbscan,1.0,0.222,0.364,24.584
Pins2,45,Image_8,otm,1.0,0.95,0.974,20.122
Pins2,45,Image_8,gmms,1.0,0.95,0.974,21.59
Pins2,45,Image_8,hdbscan,1.0,0.15,0.261,24.514
Pins2,45,Image_9,otm,1.0,0.914,0.955,18.785
Pins2,45,Image_9,gmms,1.0,0.914,0.955,20.196
Pins2,45,Image_9,hdbscan,1.0,0.19,0.319,23.051
Pins2,68,Image_0,otm,1.0,0.844,0.915,5.964
Pins2,68,Image_1,otm,1.0,0.938,0.968,7.29
Pins2,68,Image_10,otm,1.0,0.914,0.955,4.767
Pins2,68,Image_2,otm,1.0,0.897,0.945,7.241
Pins2,68,Image_3,otm,1.0,0.867,0.929,7.1
Pins2,68,Image_4,otm,1.0,0.818,0.9,4.826
Pins2,68,Image_5,otm,1.0,0.842,0.914,9.108
Pins2,68,Image_6,otm,1.0,0.906,0.951,11.006
Pins2,68,Image_7,otm,1.0,0.9,0.947,11.532
Pins2,68,Image_8,otm,1.0,0.862,0.926,8.076
Pins2,68,Image_9,otm,1.0,0.897,0.945,11.194
Small_nails_23,28,Image_0,otm,0.586,0.418,0.488,19.901
Small_nails_23,28,Image_1,otm,0.967,0.937,0.952,42.725
Small_nails_23,28,Image_10,otm,0.725,0.644,0.682,18.847
Small_nails_23,28,Image_2,otm,0.909,0.862,0.885,44.556
Small_nails_23,28,Image_3,otm,0.687,0.626,0.655,35.838
Small_nails_23,28,Image_4,otm,0.816,0.639,0.717,32.386
Small_nails_23,28,Image_5,otm,0.733,0.663,0.696,37.959
Small_nails_23,28,Image_6,otm,0.644,0.609,0.626,39.04
Small_nails_23,28,Image_7,otm,0.728,0.648,0.686,33.959
Small_nails_23,28,Image_8,otm,0.704,0.648,0.675,32.487
Small_nails_23,28,Image_9,otm,0.706,0.674,0.69,44.842
Small_nails_23,384,Image_0,otm,1.0,0.5,0.667,4.453
Small_nails_23,384,Image_1,otm,1.0,0.588,0.741,5.594
Small_nails_23,384,Image_10,otm,0.833,0.5,0.625,3.093
Small_nails_23,384,Image_2,otm,1.0,0.647,0.786,6.196
Small_nails_23,384,Image_3,otm,1.0,0.786,0.88,4.61
Small_nails_23,384,Image_4,otm,1.0,0.9,0.947,9.757
Small_nails_23,384,Image_5,otm,1.0,0.762,0.865,8.536
Small_nails_23,384,Image_6,otm,0.909,0.714,0.8,5.891
Small_nails_23,384,Image_7,otm,0.833,0.5,0.625,3.71
Small_nails_23,384,Image_8,otm,1.0,0.8,0.889,3.052
Small_nails_23,384,Image_9,otm,0.8,0.571,0.667,2.928
Small_nails_23,45,Image_0,otm,0.889,0.842,0.865,9.965
Small_nails_23,45,Image_1,otm,0.81,1.0,0.895,15.517
Small_nails_23,45,Image_10,otm,0.912,1.0,0.954,10.36
Small_nails_23,45,Image_2,otm,0.906,0.935,0.921,6.193
Small_nails_23,45,Image_3,otm,0.853,0.901,0.877,25.532
Small_nails_23,45,Image_4,otm,0.848,0.824,0.836,9.692
Small_nails_23,45,Image_5,otm,0.833,0.968,0.896,10.786
Small_nails_23,45,Image_6,otm,0.686,1.0,0.814,23.44
Small_nails_23,45,Image_7,otm,0.721,0.969,0.827,12.439
Small_nails_23,45,Image_8,otm,0.824,1.0,0.903,8.495
Small_nails_23,45,Image_9,otm,0.75,0.964,0.844,7.496
Small_nails_23,68,Image_0,otm,0.923,0.818,0.867,16.323
Small_nails_23,68,Image_1,otm,0.872,0.85,0.861,19.011
Small_nails_23,68,Image_10,otm,0.733,0.943,0.825,23.363
Small_nails_23,68,Image_2,otm,0.841,0.86,0.851,18.025
Small_nails_23,68,Image_3,otm,0.861,0.939,0.899,12.711
Small_nails_23,68,Image_4,otm,0.821,0.8,0.81,20.036
Small_nails_23,68,Image_5,otm,0.909,0.976,0.941,29.576
Small_nails_23,68,Image_6,otm,0.757,0.848,0.8,17.369
Small_nails_23,68,Image_7,otm,0.816,1.0,0.899,17.994
Small_nails_23,68,Image_8,otm,0.744,1.0,0.853,15.716
Small_nails_23,68,Image_9,otm,0.698,0.938,0.8,17.107
Small_nails_32,28,Image_0,otm,0.72,0.551,0.624,19.232
Small_nails_32,28,Image_1,otm,0.967,0.937,0.952,42.117
Small_nails_32,28,Image_10,otm,0.769,0.667,0.714,33.866
Small_nails_32,28,Image_2,otm,0.951,0.836,0.89,34.488
Small_nails_32,28,Image_3,otm,0.797,0.648,0.715,30.206
Small_nails_32,28,Image_4,otm,0.769,0.619,0.686,21.877
Small_nails_32,28,Image_5,otm,0.867,0.758,0.809,39.608
Small_nails_32,28,Image_6,otm,0.78,0.696,0.736,39.045
Small_nails_32,28,Image_7,otm,0.851,0.692,0.764,27.213
Small_nails_32,28,Image_8,otm,0.762,0.693,0.726,25.142
Small_nails_32,28,Image_9,otm,0.798,0.753,0.775,62.094
Small_nails_32,384,Image_0,otm,1.0,0.591,0.743,5.447
Small_nails_32,384,Image_1,otm,1.0,0.588,0.741,5.983
Small_nails_32,384,Image_10,otm,0.857,0.6,0.706,3.129
Small_nails_32,384,Image_2,otm,1.0,0.647,0.786,4.362
Small_nails_32,384,Image_3,otm,1.0,0.857,0.923,5.102
Small_nails_32,384,Image_4,otm,1.0,0.8,0.889,9.339
Small_nails_32,384,Image_5,otm,0.938,0.714,0.811,9.416
Small_nails_32,384,Image_6,otm,1.0,0.714,0.833,5.165
Small_nails_32,384,Image_7,otm,0.857,0.6,0.706,3.917
Small_nails_32,384,Image_8,otm,1.0,0.8,0.889,2.827
Small_nails_32,384,Image_9,otm,0.8,0.571,0.667,2.812
Small_nails_32,45,Image_0,otm,0.943,0.868,0.904,10.421
Small_nails_32,45,Image_1,otm,0.943,0.971,0.957,9.254
Small_nails_32,45,Image_10,otm,0.838,1.0,0.912,14.955
Small_nails_32,45,Image_2,otm,0.931,0.871,0.9,8.494
Small_nails_32,45,Image_3,otm,0.817,0.817,0.817,21.458
Small_nails_32,45,Image_4,otm,0.825,0.971,0.892,10.234
Small_nails_32,45,Image_5,otm,0.689,1.0,0.816,19.896
Small_nails_32,45,Image_6,otm,0.714,1.0,0.833,26.545
Small_nails_32,45,Image_7,otm,0.744,1.0,0.853,16.935
Small_nails_32,45,Image_8,otm,0.718,1.0,0.836,15.015
Small_nails_32,45,Image_9,otm,0.844,0.964,0.9,10.62
Small_nails_32,68,Image_0,otm,0.907,0.886,0.897,28.415
Small_nails_32,68,Image_1,otm,0.946,0.875,0.909,19.881
Small_nails_32,68,Image_10,otm,0.85,0.971,0.907,21.521
Small_nails_32,68,Image_2,otm,0.902,0.86,0.881,12.981
Small_nails_32,68,Image_3,otm,0.903,0.848,0.875,24.818
Small_nails_32,68,Image_4,otm,0.886,0.975,0.929,19.303
Small_nails_32,68,Image_5,otm,0.78,0.951,0.857,38.64
Small_nails_32,68,Image_6,otm,0.824,0.848,0.836,13.249
Small_nails_32,68,Image_7,otm,0.912,1.0,0.954,14.167
Small_nails_32,68,Image_8,otm,0.875,0.966,0.918,11.174
Small_nails_32,68,Image_9,otm,0.682,0.938,0.789,14.296
